<?xml version="1.0" encoding="UTF-8"?>
<project-private xmlns="http://www.netbeans.org/ns/project-private/1">
    <editor-bookmarks xmlns="http://www.netbeans.org/ns/editor-bookmarks/2" lastBookmarkId="0"/>
    <open-files xmlns="http://www.netbeans.org/ns/projectui-open-files/2">
        <group>
            <file>file:/C:/Users/lilhu/Documents/ICS3U/Unit%203/Programs/U3A6/U4A3_HKhokhar/src/u4a3_hkhokhar/Chem11Welcome.java</file>
            <file>file:/C:/Users/lilhu/Documents/ICS3U/Unit%203/Programs/U3A6/U4A3_HKhokhar/src/u4a3_hkhokhar/Chem11Lesson2.java</file>
            <file>file:/C:/Users/lilhu/Documents/ICS3U/Unit%203/Programs/U3A6/U4A3_HKhokhar/src/u4a3_hkhokhar/Chem11Lesson3.java</file>
            <file>file:/C:/Users/lilhu/Documents/ICS3U/Unit%203/Programs/U3A6/U4A3_HKhokhar/src/u4a3_hkhokhar/Chem11Practice.java</file>
            <file>file:/C:/Users/lilhu/Documents/ICS3U/Unit%203/Programs/U3A6/U4A3_HKhokhar/src/u4a3_hkhokhar/Chem11Lesson4.java</file>
            <file>file:/C:/Users/lilhu/Documents/ICS3U/Unit%203/Programs/U3A6/U4A3_HKhokhar/src/u4a3_hkhokhar/Chem11Calculator.java</file>
            <file>file:/C:/Users/lilhu/Documents/ICS3U/Unit%203/Programs/U3A6/U4A3_HKhokhar/src/u4a3_hkhokhar/Chem11Lesson1.java</file>
        </group>
    </open-files>
</project-private>
