<?xml version="1.0" encoding="UTF-8"?>
<project-private xmlns="http://www.netbeans.org/ns/project-private/1">
    <editor-bookmarks xmlns="http://www.netbeans.org/ns/editor-bookmarks/2" lastBookmarkId="0"/>
    <open-files xmlns="http://www.netbeans.org/ns/projectui-open-files/2">
        <group>
            <file>file:/C:/Users/lilhu/Documents/ICS3U/Unit%203/Programs/U3A6/U3A6_Marks_HKhokhar/src/u3a6_marks_hkhokhar/U3A6MarksProgramJFrameTester.java</file>
            <file>file:/C:/Users/lilhu/Documents/ICS3U/Unit%203/Programs/U3A6/U3A6_Marks_HKhokhar/src/u3a6_marks_hkhokhar/U3A6MarksProgram.java</file>
        </group>
    </open-files>
</project-private>
