<?xml version="1.0" encoding="UTF-8"?>
<project-private xmlns="http://www.netbeans.org/ns/project-private/1">
    <editor-bookmarks xmlns="http://www.netbeans.org/ns/editor-bookmarks/2" lastBookmarkId="0"/>
    <open-files xmlns="http://www.netbeans.org/ns/projectui-open-files/2">
        <group>
            <file>file:/C:/Users/lilhu/Documents/ICS3U/Unit%203/Programs/U3A3/U3_A3_HKhokhar/src/u3_a3_hkhokhar/U3A3_ConvertMe.java</file>
            <file>file:/C:/Users/lilhu/Documents/ICS3U/Unit%203/Programs/U3A3/U3_A3_HKhokhar/src/u3_a3_hkhokhar/U3A3_ConvertMeJFrameTester.java</file>
        </group>
    </open-files>
</project-private>
