<?xml version="1.0" encoding="UTF-8"?>
<project-private xmlns="http://www.netbeans.org/ns/project-private/1">
    <editor-bookmarks xmlns="http://www.netbeans.org/ns/editor-bookmarks/2" lastBookmarkId="0"/>
    <open-files xmlns="http://www.netbeans.org/ns/projectui-open-files/2">
        <group>
            <file>file:/C:/Users/lilhu/Documents/ICS3U/Unit%202/Programs/U2A8/U2A8HKhokhar/src/u2a8hkhokhar/U2A8WeightCalculator.java</file>
            <file>file:/C:/Users/lilhu/Documents/ICS3U/Unit%202/Programs/U2A8/U2A8HKhokhar/src/u2a8hkhokhar/U2A8WeightCalculatorJFrameTester.java</file>
        </group>
    </open-files>
</project-private>
