<?xml version="1.0" encoding="UTF-8"?>
<project-private xmlns="http://www.netbeans.org/ns/project-private/1">
    <editor-bookmarks xmlns="http://www.netbeans.org/ns/editor-bookmarks/2" lastBookmarkId="0"/>
    <open-files xmlns="http://www.netbeans.org/ns/projectui-open-files/2">
        <group>
            <file>file:/C:/Users/lilhu/Documents/ICS3U/Unit%202/Programs/U2A1/Unit2Activity1/src/unit2activity1/CarpetCost.java</file>
            <file>file:/C:/Users/lilhu/Documents/ICS3U/Unit%202/Programs/U2A1/Unit2Activity1/src/unit2activity1/DivideAndMode.java</file>
            <file>file:/C:/Users/lilhu/Documents/ICS3U/Unit%202/Programs/U2A1/Unit2Activity1/src/unit2activity1/NetPay.java</file>
            <file>file:/C:/Users/lilhu/Documents/ICS3U/Unit%202/Programs/U2A1/Unit2Activity1/src/unit2activity1/BillOfSale.java</file>
            <file>file:/C:/Users/lilhu/Documents/ICS3U/Unit%202/Programs/U2A1/Unit2Activity1/src/unit2activity1/AreaOfCircle.java</file>
            <file>file:/C:/Users/lilhu/Documents/ICS3U/Unit%202/Programs/U2A1/Unit2Activity1/src/unit2activity1/TicTacToeBoard.java</file>
            <file>file:/C:/Users/lilhu/Documents/ICS3U/Unit%202/Programs/U2A1/Unit2Activity1/src/unit2activity1/ChangeCalculator.java</file>
            <file>file:/C:/Users/lilhu/Documents/ICS3U/Unit%202/Programs/U2A1/Unit2Activity1/src/unit2activity1/AreaOfRectangle.java</file>
        </group>
    </open-files>
</project-private>
